True_DX,True_DY,True_Theta_Deg,Est_DX,Est_DY,Est_Theta_Deg,Error_Trans,Error_Theta,Iter,Time_ms,Converged
0,-1,0,0.00567976,-0.998908,-0.00998002,0.00578386,0.00998002,7,6,1
0,-1,0,-0.000769786,-0.976498,-0.22038,0.0235148,0.22038,4,1,1
0,-1,0,-0.00614408,-1.01746,-0.0264321,0.0185086,0.0264321,101,40,0
0,-1,0,0.00116997,-0.990898,-0.0535981,0.00917674,0.0535981,11,4,1
0,-1,0,0.0038877,-0.980331,0.0277405,0.0200499,0.0277405,101,37,0
0,-1,0,0.000554636,-0.996684,-0.00879591,0.0033616,0.00879591,14,5,1
0,-1,0,-0.00222599,-0.997523,-0.039657,0.00333038,0.039657,5,1,1
0,-1,0,-0.00204098,-0.996871,-0.0182503,0.00373578,0.0182503,8,3,1
0,-1,0,-0.00121098,-0.990576,-0.141292,0.00950111,0.141292,9,3,1
0,-1,0,0.00466379,-0.997691,-0.0328829,0.00520398,0.0328829,10,4,1
0,-1,0,0.00300662,-0.982282,0.0291939,0.0179713,0.0291939,101,37,0
0,-1,0,0.000539365,-0.994188,-0.0231348,0.00583707,0.0231348,7,2,1
0,-1,0,0.00705413,-0.997752,-0.0858936,0.00740352,0.0858936,10,3,1
0,-1,0,-0.000873131,-1.01821,-0.0328934,0.0182358,0.0328934,101,35,0
0,-1,0,-0.0147535,-0.978145,-0.202021,0.0263689,0.202021,9,3,1
0,-1,0,0.00334978,-0.981066,0.0213929,0.0192284,0.0213929,101,36,0
0,-1,0,-0.00460364,-1.01423,-0.0349621,0.0149532,0.0349621,101,35,0
0,-1,0,-0.000861632,-0.994582,-0.0210489,0.0054862,0.0210489,7,2,1
0,-1,0,-0.00454512,-1.02224,-0.0258085,0.0226967,0.0258085,101,35,0
0,-1,0,0.0042501,-0.984832,0.0526898,0.0157521,0.0526898,101,35,0
0,-0.9,0,0.00524029,-0.883598,-0.155094,0.0172188,0.155094,10,3,1
0,-0.9,0,-0.00263889,-0.861102,-0.324228,0.0389879,0.324228,6,2,1
0,-0.9,0,-0.00320207,-0.90555,0.0166186,0.00640729,0.0166186,5,1,1
0,-0.9,0,-0.0154847,-0.875688,-0.391512,0.028824,0.391512,3,1,1
0,-0.9,0,-0.000397024,-0.918603,-0.0212214,0.0186076,0.0212214,101,36,0
0,-0.9,0,0.00231193,-0.890862,-0.0511408,0.00942588,0.0511408,8,2,1
0,-0.9,0,-0.00363682,-0.904159,-0.0216614,0.00552459,0.0216614,10,4,1
0,-0.9,0,0.000353106,-0.905077,-0.0180605,0.00508914,0.0180605,47,16,1
0,-0.9,0,-0.00330506,-0.87098,-0.563159,0.0292072,0.563159,5,1,1
0,-0.9,0,-0.00465728,-0.91634,-0.0267064,0.0169909,0.0267064,101,38,0
0,-0.9,0,0.0132069,-0.886512,-0.262369,0.0188769,0.262369,4,1,1
0,-0.9,0,3.10364e-05,-0.917219,-0.0140096,0.0172195,0.0140096,101,35,0
0,-0.9,0,0.00194049,-0.880548,0.0182629,0.0195488,0.0182629,101,36,0
0,-0.9,0,-0.00495351,-0.919296,-0.0303998,0.0199212,0.0303998,101,36,0
0,-0.9,0,0.000590569,-0.884329,0.0166056,0.0156821,0.0166056,101,40,0
0,-0.9,0,0.00291696,-0.878392,0.033385,0.0218043,0.033385,101,42,0
0,-0.9,0,0.0032624,-0.8824,0.00709064,0.0179,0.00709064,101,40,0
0,-0.9,0,-0.000106719,-0.882689,0.0221414,0.0173111,0.0221414,101,42,0
0,-0.9,0,-0.00403131,-0.895954,-0.0238958,0.00571153,0.0238958,10,3,1
0,-0.9,0,0.00235781,-0.883257,0.00921097,0.0169083,0.00921097,101,37,0
0,-0.8,0,-0.000912867,-0.799104,-0.0172305,0.00127888,0.0172305,9,3,1
0,-0.8,0,9.68872e-05,-0.785062,0.0288356,0.0149381,0.0288356,101,38,0
0,-0.8,0,0.000708248,-0.778671,0.0392959,0.0213403,0.0392959,101,37,0
0,-0.8,0,-0.000195982,-0.805746,-0.017473,0.00574893,0.017473,92,32,1
0,-0.8,0,-0.00402774,-0.821812,-0.0416099,0.0221806,0.0416099,101,35,0
0,-0.8,0,-0.00313516,-0.797274,-0.0061599,0.00415438,0.0061599,10,3,1
0,-0.8,0,0.00247132,-0.780871,0.0309123,0.0192882,0.0309123,101,35,0
0,-0.8,0,0.0207518,-0.790227,-0.169592,0.0229378,0.169592,9,3,1
0,-0.8,0,0.00416801,-0.782655,0.0268868,0.0178387,0.0268868,101,36,0
0,-0.8,0,-0.000204035,-0.793745,0.0178454,0.00625804,0.0178454,80,29,1
0,-0.8,0,-0.00446605,-0.797679,0.0130344,0.0050333,0.0130344,5,1,1
0,-0.8,0,0.00179913,-0.783268,0.0474654,0.0168284,0.0474654,101,38,0
0,-0.8,0,0.00013071,-0.795852,-0.0467156,0.00414969,0.0467156,4,1,1
0,-0.8,0,0.00160813,-0.797468,-0.0274868,0.00299991,0.0274868,10,3,1
0,-0.8,0,0.00205879,-0.785223,-0.130527,0.0149196,0.130527,4,1,1
0,-0.8,0,0.00397073,-0.800028,-0.0339221,0.00397083,0.0339221,5,1,1
0,-0.8,0,-0.00341253,-0.817257,-0.0297529,0.0175914,0.0297529,101,42,0
0,-0.8,0,-2.29296e-05,-0.799195,-0.0544269,0.000805347,0.0544269,6,2,1
0,-0.8,0,0.000738542,-0.797348,0.0151356,0.00275335,0.0151356,91,36,1
0,-0.8,0,0.02465,-0.77454,-0.420114,0.0354377,0.420114,3,1,1
0,-0.7,0,-0.00137952,-0.722384,-0.036727,0.0224266,0.036727,101,39,0
0,-0.7,0,0.00669858,-0.699555,-0.0144648,0.00671335,0.0144648,7,3,1
0,-0.7,0,-0.0215716,-0.673746,-0.330606,0.0339796,0.330606,3,1,1
0,-0.7,0,0.0052717,-0.686514,0.0375738,0.0144793,0.0375738,101,39,0
0,-0.7,0,-0.000938094,-0.711083,-0.0213134,0.0111227,0.0213134,101,37,0
0,-0.7,0,-0.00480492,-0.660138,-0.347941,0.0401503,0.347941,3,1,1
0,-0.7,0,0.000698184,-0.692131,-0.0223266,0.00790019,0.0223266,7,2,1
0,-0.7,0,-0.00103795,-0.696929,-0.0197905,0.00324196,0.0197905,12,4,1
0,-0.7,0,0.0029857,-0.69833,-0.013423,0.00342081,0.013423,7,2,1
0,-0.7,0,0.00384721,-0.68391,0.0245677,0.0165431,0.0245677,101,38,0
0,-0.7,0,0.000386205,-0.695319,-0.0329239,0.00469643,0.0329239,9,3,1
0,-0.7,0,-0.00303978,-0.713592,-0.00952632,0.013928,0.00952632,101,37,0
0,-0.7,0,0.00371215,-0.697391,-0.0110384,0.00453736,0.0110384,9,3,1
0,-0.7,0,0.0055714,-0.682077,0.0292347,0.0187693,0.0292347,101,37,0
0,-0.7,0,-0.00269919,-0.697181,-0.0434377,0.00390289,0.0434377,9,3,1
0,-0.7,0,0.00485104,-0.681608,0.012246,0.019021,0.012246,101,37,0
0,-0.7,0,0.000551669,-0.699013,-0.0273572,0.00113065,0.0273572,7,2,1
0,-0.7,0,0.00593867,-0.701198,-0.0115485,0.00605828,0.0115485,6,2,1
0,-0.7,0,0.00217076,-0.68101,0.0252711,0.0191136,0.0252711,101,37,0
0,-0.7,0,0.00156412,-0.70415,-0.0210325,0.00443532,0.0210325,7,2,1
0,-0.6,0,-0.00326008,-0.595161,-0.0221755,0.00583492,0.0221755,9,3,1
0,-0.6,0,-0.00388505,-0.597339,-0.0114256,0.004709,0.0114256,8,2,1
0,-0.6,0,-0.0027356,-0.603359,-0.0256801,0.00433214,0.0256801,5,2,1
0,-0.6,0,-0.000274569,-0.607295,0.00665268,0.00730035,0.00665268,3,1,1
0,-0.6,0,0.000146768,-0.579052,0.0403691,0.0209485,0.0403691,101,40,0
0,-0.6,0,-0.00454918,-0.600447,-0.0161644,0.00457104,0.0161644,7,3,1
0,-0.6,0,-0.00302045,-0.602477,-0.0206348,0.00390653,0.0206348,11,4,1
0,-0.6,0,0.0033503,-0.585726,0.00788741,0.0146615,0.00788741,101,38,0
0,-0.6,0,-0.00160232,-0.623597,-0.0494834,0.0236514,0.0494834,101,39,0
0,-0.6,0,0.00327802,-0.562774,-0.318413,0.0373704,0.318413,6,2,1
0,-0.6,0,-0.00181728,-0.597387,-0.0124569,0.00318287,0.0124569,5,1,1
0,-0.6,0,0.000217784,-0.600307,-0.0206408,0.000376405,0.0206408,11,4,1
0,-0.6,0,-0.00174767,-0.616993,-0.0241749,0.0170826,0.0241749,101,42,0
0,-0.6,0,0.00896943,-0.577899,-0.204469,0.0238519,0.204469,4,1,1
0,-0.6,0,-0.00119708,-0.579764,0.0170609,0.0202716,0.0170609,101,37,0
0,-0.6,0,0.000900408,-0.592689,-0.00652258,0.00736637,0.00652258,7,3,1
0,-0.6,0,0.00113086,-0.59996,-0.0327636,0.00113156,0.0327636,10,3,1
0,-0.6,0,0.00185403,-0.580984,0.0267246,0.0191065,0.0267246,101,37,0
0,-0.6,0,0.00944367,-0.587726,-0.101315,0.0154868,0.101315,7,2,1
0,-0.6,0,0.00361753,-0.584182,-0.143515,0.0162262,0.143515,5,1,1
0,-0.5,0,0.003223,-0.494886,-0.00971052,0.00604483,0.00971052,10,4,1
0,-0.5,0,-0.00461554,-0.49488,-0.00150375,0.00689338,0.00150375,7,2,1
0,-0.5,0,0.0188586,-0.481924,-0.384576,0.0261227,0.384576,5,1,1
0,-0.5,0,0.000581381,-0.481197,0.0271082,0.0188116,0.0271082,101,37,0
0,-0.5,0,0.000652602,-0.482072,0.0161648,0.0179402,0.0161648,101,38,0
0,-0.5,0,-0.00486153,-0.517954,-0.015645,0.0186003,0.015645,101,37,0
0,-0.5,0,0.00473318,-0.47963,-0.248195,0.0209128,0.248195,5,2,1
0,-0.5,0,-0.00457549,-0.510028,-0.0336089,0.0110226,0.0336089,101,36,0
0,-0.5,0,0.00020893,-0.511243,-0.010019,0.011245,0.010019,101,35,0
0,-0.5,0,0.00210279,-0.504782,-0.0234836,0.00522393,0.0234836,7,2,1
0,-0.5,0,-0.00214154,-0.484147,-0.117302,0.0159972,0.117302,3,1,1
0,-0.5,0,-0.00315648,-0.521221,-0.03659,0.0214542,0.03659,101,36,0
0,-0.5,0,0.0123245,-0.494827,-0.127796,0.0133662,0.127796,6,2,1
0,-0.5,0,-0.00298177,-0.50465,-0.0213592,0.00552383,0.0213592,7,2,1
0,-0.5,0,0.00102557,-0.503946,-0.0198778,0.00407673,0.0198778,6,2,1
0,-0.5,0,0.00189732,-0.499327,-0.0310345,0.00201312,0.0310345,6,2,1
0,-0.5,0,0.00152196,-0.498702,-0.0282028,0.00200025,0.0282028,6,2,1
0,-0.5,0,0.00170118,-0.483848,0.0171913,0.0162413,0.0171913,101,36,0
0,-0.5,0,0.00737466,-0.487414,-0.116713,0.0145872,0.116713,6,2,1
0,-0.5,0,0.00222621,-0.48238,0.019051,0.0177602,0.019051,101,37,0
0,-0.4,0,-0.00335486,-0.380241,-0.194022,0.020042,0.194022,6,2,1
0,-0.4,0,-0.00531247,-0.396568,-0.000903137,0.00632468,0.000903137,9,3,1
0,-0.4,0,0.00613434,-0.392158,-0.206482,0.00995597,0.206482,4,1,1
0,-0.4,0,0.00650692,-0.400542,0.0152778,0.00652948,0.0152778,11,4,1
0,-0.4,0,0.00388152,-0.366132,-0.288306,0.03409,0.288306,3,1,1
0,-0.4,0,0.00225326,-0.397168,-0.0254194,0.00361875,0.0254194,7,2,1
0,-0.4,0,0.00550141,-0.396906,-0.0862179,0.00631176,0.0862179,4,1,1
0,-0.4,0,0.00460129,-0.376866,0.0421327,0.0235871,0.0421327,101,36,0
0,-0.4,0,-0.003177,-0.419954,-0.0329804,0.0202052,0.0329804,101,36,0
0,-0.4,0,0.00431611,-0.382406,0.0328906,0.0181154,0.0328906,101,36,0
0,-0.4,0,0.0138388,-0.389339,-0.130797,0.0174691,0.130797,4,1,1
0,-0.4,0,0.000468093,-0.397893,-0.0296432,0.00215797,0.0296432,6,2,1
0,-0.4,0,0.00246304,-0.3839,-0.00290579,0.0162868,0.00290579,101,36,0
0,-0.4,0,0.00395622,-0.383988,-0.125391,0.0164933,0.125391,3,1,1
0,-0.4,0,0.00278244,-0.382431,0.0315453,0.0177879,0.0315453,101,36,0
0,-0.4,0,-0.00395456,-0.394138,-0.00544409,0.00707153,0.00544409,8,3,1
0,-0.4,0,0.00550528,-0.400781,-0.00860578,0.00556036,0.00860578,5,1,1
0,-0.4,0,0.00433552,-0.39549,-0.0827905,0.00625577,0.0827905,6,2,1
0,-0.4,0,0.00529309,-0.398652,-0.024926,0.00546203,0.024926,8,2,1
0,-0.4,0,0.00456539,-0.400769,-0.0288226,0.00462977,0.0288226,5,1,1
0,-0.3,0,-0.000138327,-0.315067,-0.0144624,0.0150681,0.0144624,101,36,0
0,-0.3,0,-0.00154632,-0.296603,-0.0291102,0.00373238,0.0291102,4,1,1
0,-0.3,0,0.00249205,-0.301165,-0.0199,0.0027511,0.0199,8,2,1
0,-0.3,0,0.00186268,-0.28304,0.0157879,0.0170617,0.0157879,101,36,0
0,-0.3,0,-0.00365673,-0.319253,-0.0263074,0.0195975,0.0263074,101,35,0
0,-0.3,0,-0.00072499,-0.319249,-0.0170886,0.0192628,0.0170886,101,35,0
0,-0.3,0,-0.00154847,-0.301242,-0.033292,0.00198527,0.033292,5,1,1
0,-0.3,0,0.00525336,-0.280394,0.00619673,0.0202975,0.00619673,101,36,0
0,-0.3,0,-0.00446067,-0.319518,-0.0273853,0.0200214,0.0273853,101,35,0
0,-0.3,0,0.00316627,-0.294037,-0.0513761,0.00675145,0.0513761,4,1,1
0,-0.3,0,0.000287141,-0.298259,-0.0255351,0.00176418,0.0255351,5,1,1
0,-0.3,0,0.00303464,-0.305303,-0.0167474,0.00611004,0.0167474,7,2,1
0,-0.3,0,0.000426627,-0.285619,0.0136164,0.0143869,0.0136164,101,36,0
0,-0.3,0,0.00122157,-0.293456,-0.044883,0.00665751,0.044883,4,1,1
0,-0.3,0,-0.00432622,-0.317806,-0.0291265,0.0183245,0.0291265,101,36,0
0,-0.3,0,0.00190645,-0.283832,0.0204448,0.0162803,0.0204448,101,35,0
0,-0.3,0,-0.00186593,-0.32134,-0.0116055,0.0214217,0.0116055,101,36,0
0,-0.3,0,-0.00158268,-0.278455,0.0378843,0.0216028,0.0378843,101,35,0
0,-0.3,0,-0.00651166,-0.298477,0.00484254,0.00668728,0.00484254,9,3,1
0,-0.3,0,0.00415204,-0.300904,-0.032076,0.0042493,0.032076,5,1,1
0,-0.2,0,-0.00288697,-0.190253,0.0164993,0.0101659,0.0164993,101,36,0
0,-0.2,0,0.0048344,-0.198424,-0.0254426,0.00508466,0.0254426,4,1,1
0,-0.2,0,0.000612808,-0.205024,-0.0198493,0.00506082,0.0198493,95,39,1
0,-0.2,0,-0.00290392,-0.216406,-0.0261225,0.0166611,0.0261225,101,37,0
0,-0.2,0,-0.00320145,-0.217771,-0.0399192,0.0180574,0.0399192,101,37,0
0,-0.2,0,0.00426073,-0.196242,-0.0137397,0.00568092,0.0137397,4,2,1
0,-0.2,0,0.00498786,-0.181361,0.0269173,0.0192947,0.0269173,101,38,0
0,-0.2,0,-0.00159356,-0.182355,0.0273578,0.0177165,0.0273578,101,37,0
0,-0.2,0,-0.002214,-0.216895,-0.0552445,0.0170393,0.0552445,101,37,0
0,-0.2,0,-0.00511859,-0.214647,-0.0106128,0.0155157,0.0106128,101,38,0
0,-0.2,0,0.00103402,-0.194649,0.0215519,0.00544994,0.0215519,100,38,1
0,-0.2,0,-0.00157508,-0.196503,-0.0394727,0.00383516,0.0394727,3,1,1
0,-0.2,0,0.00226963,-0.203091,-0.0171548,0.003835,0.0171548,5,1,1
0,-0.2,0,-0.0051702,-0.215168,-0.0160523,0.0160254,0.0160523,101,37,0
0,-0.2,0,0.00338347,-0.180623,0.0197371,0.01967,0.0197371,101,37,0
0,-0.2,0,0.00408248,-0.186269,-0.000848882,0.0143251,0.000848882,101,38,0
0,-0.2,0,-0.00339512,-0.20166,-0.016898,0.00377924,0.016898,4,1,1
0,-0.2,0,0.000742843,-0.197837,-0.0319017,0.00228699,0.0319017,5,1,1
0,-0.2,0,0.00630573,-0.18647,-0.111494,0.014927,0.111494,4,1,1
0,-0.2,0,-0.000187148,-0.198933,-0.0277237,0.0010836,0.0277237,3,1,1
0,-0.1,0,0.000314813,-0.0839562,0.0293868,0.0160469,0.0293868,101,38,0
0,-0.1,0,0.00340826,-0.0996229,-0.0144699,0.00342905,0.0144699,51,18,1
0,-0.1,0,-0.0052107,-0.115694,-0.0212878,0.0165365,0.0212878,101,37,0
0,-0.1,0,0.00438513,-0.081455,0.0155075,0.0190564,0.0155075,101,37,0
0,-0.1,0,0.00352563,-0.0825858,0.0336427,0.0177675,0.0336427,101,36,0
0,-0.1,0,-0.00157646,-0.120228,-0.0341158,0.0202898,0.0341158,101,36,0
0,-0.1,0,0.00289111,-0.0809505,0.0164369,0.0192677,0.0164369,101,36,0
0,-0.1,0,-0.00464268,-0.101002,-0.0227416,0.00474962,0.0227416,3,1,1
0,-0.1,0,-0.00119457,-0.103076,-0.0303583,0.00329989,0.0303583,4,1,1
0,-0.1,0,0.000207569,-0.0816274,0.0172251,0.0183738,0.0172251,101,36,0
0,-0.1,0,0.00123079,-0.0824637,0.0172203,0.0175795,0.0172203,101,36,0
0,-0.1,0,0.000604432,-0.122529,-0.0158283,0.0225368,0.0158283,101,43,0
0,-0.1,0,-0.00583335,-0.112784,-0.0115897,0.0140516,0.0115897,101,38,0
0,-0.1,0,-0.00128107,-0.118721,-0.0270718,0.0187652,0.0270718,101,38,0
0,-0.1,0,-0.00159188,-0.0980911,-0.0314682,0.00248555,0.0314682,3,1,1
0,-0.1,0,-0.00263851,-0.120365,-0.0229961,0.020535,0.0229961,101,38,0
0,-0.1,0,-0.00154355,-0.122619,-0.0341139,0.0226719,0.0341139,101,37,0
0,-0.1,0,-0.00264106,-0.12025,-0.0274339,0.0204216,0.0274339,101,36,0
0,-0.1,0,-0.00536197,-0.0970747,-0.0120633,0.00610804,0.0120633,3,1,1
0,-0.1,0,-0.00534867,-0.119061,-0.0302315,0.0197968,0.0302315,101,38,0
0,0,0,-1.39781e-06,-1.39781e-06,-2.2298e-06,1.9768e-06,2.2298e-06,1,0,1
0,0,0,-1.39781e-06,-1.39781e-06,-2.30292e-06,1.9768e-06,2.30292e-06,1,0,1
0,0,0,-1.39781e-06,-1.39781e-06,-2.2433e-06,1.9768e-06,2.2433e-06,1,0,1
0,0,0,-1.39781e-06,-1.39781e-06,-2.09649e-06,1.9768e-06,2.09649e-06,1,0,1
0,0,0,-1.39781e-06,-1.39781e-06,-2.174e-06,1.9768e-06,2.174e-06,1,0,1
0,0,0,-1.39781e-06,-1.39781e-06,-2.27413e-06,1.9768e-06,2.27413e-06,1,0,1
0,0,0,-1.39781e-06,-1.39781e-06,-2.28266e-06,1.9768e-06,2.28266e-06,1,0,1
0,0,0,-1.39781e-06,-1.39781e-06,-2.10087e-06,1.9768e-06,2.10087e-06,1,0,1
0,0,0,-1.39781e-06,-1.39781e-06,-2.38899e-06,1.9768e-06,2.38899e-06,1,0,1
0,0,0,-1.39781e-06,-1.39781e-06,-2.3331e-06,1.9768e-06,2.3331e-06,1,0,1
0,0,0,-1.39781e-06,-1.39781e-06,-2.3792e-06,1.9768e-06,2.3792e-06,1,0,1
0,0,0,-1.39781e-06,-1.39781e-06,-2.17159e-06,1.9768e-06,2.17159e-06,1,0,1
0,0,0,-1.39781e-06,-1.39781e-06,-1.75118e-06,1.9768e-06,1.75118e-06,1,0,1
0,0,0,-1.39781e-06,-1.39781e-06,-2.28302e-06,1.9768e-06,2.28302e-06,1,0,1
0,0,0,-1.39781e-06,-1.39781e-06,-2.41724e-06,1.9768e-06,2.41724e-06,1,0,1
0,0,0,-1.39781e-06,-1.39781e-06,-2.29102e-06,1.9768e-06,2.29102e-06,1,0,1
0,0,0,-1.39781e-06,-1.39781e-06,-2.21235e-06,1.9768e-06,2.21235e-06,1,0,1
0,0,0,-1.39781e-06,-1.39781e-06,-2.13176e-06,1.9768e-06,2.13176e-06,1,0,1
0,0,0,-1.39781e-06,-1.39781e-06,-1.96537e-06,1.9768e-06,1.96537e-06,1,0,1
0,0,0,-1.39781e-06,-1.39781e-06,-2.17952e-06,1.9768e-06,2.17952e-06,1,0,1
0,0.1,0,-0.00302853,0.0831366,-0.0153601,0.0171332,0.0153601,101,36,0
0,0.1,0,-0.00509228,0.0809305,-0.0299852,0.0197377,0.0299852,101,36,0
0,0.1,0,-0.000616258,0.0841703,-0.0275277,0.0158417,0.0275277,101,35,0
0,0.1,0,0.00168041,0.097638,0.0256608,0.00289879,0.0256608,4,1,1
0,0.1,0,-0.00444013,0.0773935,-0.0345866,0.0230384,0.0345866,101,35,0
0,0.1,0,-0.00115524,0.0816749,-0.0327182,0.0183615,0.0327182,101,36,0
0,0.1,0,-0.00462398,0.080272,-0.0432629,0.0202627,0.0432629,101,36,0
0,0.1,0,0.00515724,0.1169,0.00406901,0.0176696,0.00406901,101,36,0
0,0.1,0,0.0057321,0.117927,0.0291773,0.0188211,0.0291773,101,36,0
0,0.1,0,0.00428051,0.102035,0.0193501,0.00473968,0.0193501,3,1,1
0,0.1,0,-0.00117803,0.0795964,-0.0236593,0.0204375,0.0236593,101,36,0
0,0.1,0,-0.00417829,0.082781,-0.00649068,0.0177187,0.00649068,101,36,0
0,0.1,0,0.00197672,0.0928362,0.0194886,0.0074315,0.0194886,3,1,1
0,0.1,0,0.000375728,0.0878463,-0.0172263,0.0121595,0.0172263,101,36,0
0,0.1,0,-0.00342603,0.0985588,0.0101114,0.00371681,0.0101114,3,1,1
0,0.1,0,-0.00288947,0.0930027,-0.00159785,0.00757043,0.00159785,4,1,1
0,0.1,0,0.00477042,0.117872,0.0248554,0.0184979,0.0248554,101,36,0
0,0.1,0,0.00394288,0.11505,0.0266927,0.0155581,0.0266927,101,36,0
0,0.1,0,0.00168036,0.08352,-0.0265565,0.0165655,0.0265565,101,35,0
0,0.1,0,4.65803e-05,0.116832,0.018275,0.0168322,0.018275,101,36,0
0,0.2,0,0.00420173,0.216186,0.0118057,0.0167224,0.0118057,101,36,0
0,0.2,0,-0.0019248,0.195452,0.0081233,0.00493898,0.0081233,4,1,1
0,0.2,0,-0.00417169,0.182047,-0.0283742,0.0184313,0.0283742,101,35,0
0,0.2,0,-0.00126252,0.181176,-0.0104536,0.0188664,0.0104536,101,36,0
0,0.2,0,0.00263823,0.183965,-0.0303508,0.0162509,0.0303508,101,35,0
0,0.2,0,-0.000946248,0.192619,-0.000196381,0.00744146,0.000196381,2,0,1
0,0.2,0,-0.00191984,0.204374,0.0207225,0.00477696,0.0207225,5,2,1
0,0.2,0,-0.00413265,0.193803,0.00315721,0.00744851,0.00315721,6,2,1
0,0.2,0,0.00318716,0.198498,0.0471449,0.00352352,0.0471449,2,0,1
0,0.2,0,-0.00174935,0.194122,0.065634,0.0061326,0.065634,4,1,1
0,0.2,0,0.0013905,0.223631,0.0371102,0.0236719,0.0371102,101,36,0
0,0.2,0,-0.000646701,0.197381,0.0175936,0.0026973,0.0175936,4,1,1
0,0.2,0,-0.00134919,0.19791,0.0482399,0.00248767,0.0482399,4,1,1
0,0.2,0,-0.00194585,0.185444,-0.00349792,0.0146855,0.00349792,101,36,0
0,0.2,0,0.00343972,0.21497,0.0164805,0.0153605,0.0164805,101,35,0
0,0.2,0,-0.00128565,0.198247,0.012078,0.00217372,0.012078,5,1,1
0,0.2,0,-0.00223562,0.185164,-0.0371224,0.0150038,0.0371224,101,35,0
0,0.2,0,-0.000181319,0.184418,-0.000433649,0.0155834,0.000433649,101,35,0
0,0.2,0,0.00363821,0.195535,0.0286868,0.00575993,0.0286868,5,2,1
0,0.2,0,0.00142729,0.196542,0.0261563,0.00374139,0.0261563,4,1,1
0,0.3,0,-0.00494015,0.280511,-0.0328567,0.0201056,0.0328567,101,36,0
0,0.3,0,0.000456036,0.312702,0.0199227,0.0127106,0.0199227,101,35,0
0,0.3,0,-0.00264034,0.300655,0.0340343,0.00272035,0.0340343,4,1,1
0,0.3,0,0.00686454,0.300148,-0.0061948,0.00686614,0.0061948,16,5,1
0,0.3,0,-0.0029201,0.298386,0.0340935,0.00333624,0.0340935,4,1,1
0,0.3,0,-0.00572503,0.300923,0.0147449,0.005799,0.0147449,65,23,1
0,0.3,0,0.00330866,0.302317,0.0196356,0.00403939,0.0196356,5,1,1
0,0.3,0,0.000309789,0.305053,0.0154633,0.00506273,0.0154633,5,1,1
0,0.3,0,0.00152537,0.322393,0.0236325,0.022445,0.0236325,101,35,0
0,0.3,0,-0.00341777,0.288561,-0.0182357,0.0119383,0.0182357,101,36,0
0,0.3,0,-0.00385497,0.282881,-0.010572,0.0175475,0.010572,101,35,0
0,0.3,0,-0.00170259,0.300647,0.027993,0.00182132,0.027993,5,1,1
0,0.3,0,-0.00259461,0.281502,-0.0174194,0.0186794,0.0174194,101,35,0
0,0.3,0,0.000127579,0.295309,0.0430274,0.0046929,0.0430274,4,1,1
0,0.3,0,0.0120283,0.271804,0.301299,0.0306546,0.301299,4,1,1
0,0.3,0,0.00651461,0.300818,-0.00483536,0.00656571,0.00483536,12,4,1
0,0.3,0,0.000664125,0.289685,-0.0039622,0.0103368,0.0039622,101,35,0
0,0.3,0,-0.00266528,0.303931,0.0154263,0.00474961,0.0154263,4,1,1
0,0.3,0,-0.00172666,0.29459,0.00852937,0.00567887,0.00852937,7,2,1
0,0.3,0,0.00136852,0.29918,0.0202873,0.00159527,0.0202873,6,2,1
0,0.4,0,0.0042988,0.419897,0.0305844,0.0203564,0.0305844,101,36,0
0,0.4,0,-0.00188212,0.384578,-0.0227188,0.0155365,0.0227188,101,36,0
0,0.4,0,-0.00428481,0.383776,-0.0247771,0.0167806,0.0247771,101,36,0
0,0.4,0,-0.00369007,0.384956,-0.00730999,0.0154897,0.00730999,101,35,0
0,0.4,0,0.00589562,0.418893,0.0438078,0.0197911,0.0438078,101,46,0
0,0.4,0,-0.00202374,0.381082,-0.0353528,0.0190257,0.0353528,101,36,0
0,0.4,0,-5.24688e-05,0.381706,-0.0301905,0.0182941,0.0301905,101,36,0
0,0.4,0,-0.00557517,0.396677,0.0121747,0.00649037,0.0121747,6,2,1
0,0.4,0,-0.00564028,0.399158,0.01385,0.0057028,0.01385,6,2,1
0,0.4,0,-0.00108384,0.396569,0.042336,0.00359818,0.042336,3,1,1
0,0.4,0,-0.00486481,0.3809,-0.0205409,0.0197102,0.0205409,101,36,0
0,0.4,0,0.0041438,0.399076,-0.0070316,0.00424559,0.0070316,4,1,1
0,0.4,0,-0.00227071,0.396358,0.0208439,0.00429203,0.0208439,7,2,1
0,0.4,0,-0.000545433,0.415762,0.0196832,0.0157711,0.0196832,101,36,0
0,0.4,0,0.00498958,0.420136,0.0292089,0.0207453,0.0292089,101,36,0
0,0.4,0,-0.00239395,0.3798,-0.00614564,0.0203412,0.00614564,101,35,0
0,0.4,0,-0.00219158,0.383265,-0.0279771,0.016878,0.0279771,101,35,0
0,0.4,0,-0.00237439,0.381781,-0.0163279,0.0183726,0.0163279,101,35,0
0,0.4,0,-0.00570799,0.38504,-0.0159515,0.0160119,0.0159515,101,35,0
0,0.4,0,-0.00536983,0.401655,0.0159489,0.00561898,0.0159489,6,2,1
0,0.5,0,0.00383698,0.51813,0.0324371,0.0185317,0.0324371,101,36,0
0,0.5,0,0.00619255,0.491291,0.107669,0.0106865,0.107669,4,1,1
0,0.5,0,-0.000567637,0.49948,0.0108621,0.000769683,0.0108621,35,12,1
0,0.5,0,0.00206834,0.518574,0.0518987,0.0186891,0.0518987,101,36,0
0,0.5,0,0.00264715,0.520477,0.0327867,0.0206471,0.0327867,101,36,0
0,0.5,0,-0.000910467,0.496133,0.0394758,0.00397271,0.0394758,4,1,1
0,0.5,0,-0.00305088,0.494426,0.0133774,0.00635448,0.0133774,6,2,1
0,0.5,0,-0.00497437,0.503938,0.0105826,0.00634451,0.0105826,8,2,1
0,0.5,0,0.00483233,0.498063,0.0145559,0.00520619,0.0145559,8,2,1
0,0.5,0,-0.00568189,0.498564,0.017856,0.0058605,0.017856,6,2,1
0,0.5,0,0.011949,0.470559,0.287594,0.031773,0.287594,4,1,1
0,0.5,0,-0.00265124,0.479126,-0.0178013,0.0210415,0.0178013,101,35,0
0,0.5,0,-0.00192046,0.485728,-0.0149936,0.0144005,0.0149936,101,36,0
0,0.5,0,0.00301035,0.494532,0.0281818,0.00624226,0.0281818,5,1,1
0,0.5,0,-0.00116911,0.504221,0.0205908,0.00437955,0.0205908,6,2,1
0,0.5,0,0.000817146,0.493931,0.013308,0.00612404,0.013308,7,2,1
0,0.5,0,0.00614722,0.516974,0.0252548,0.0180529,0.0252548,101,36,0
0,0.5,0,0.00455306,0.517466,0.0144032,0.0180495,0.0144032,101,35,0
0,0.5,0,-0.00227156,0.504643,0.0192593,0.00516866,0.0192593,4,1,1
0,0.5,0,-0.00182937,0.501348,0.0266811,0.00227234,0.0266811,8,2,1
0,0.6,0,0.000392925,0.596683,-0.0180418,0.00334051,0.0180418,32,11,1
0,0.6,0,0.0046938,0.622448,0.0178929,0.0229331,0.0178929,101,35,0
0,0.6,0,-0.00647721,0.588485,0.127039,0.0132117,0.127039,5,1,1
0,0.6,0,-1.81382e-05,0.618004,0.0293304,0.0180038,0.0293304,101,35,0
0,0.6,0,-0.000528898,0.599591,0.0205072,0.000668523,0.0205072,8,2,1
0,0.6,0,-0.00361963,0.579893,-0.0327332,0.0204298,0.0327332,101,35,0
0,0.6,0,-0.000183201,0.604076,0.0165601,0.00408052,0.0165601,8,2,1
0,0.6,0,-0.00190182,0.583221,-0.0257659,0.0168867,0.0257659,101,35,0
0,0.6,0,-0.00518327,0.581824,-0.0148919,0.0189003,0.0148919,101,35,0
0,0.6,0,-0.00102928,0.587372,-0.0206148,0.01267,0.0206148,101,37,0
0,0.6,0,0.000832071,0.560708,0.313462,0.0393011,0.313462,4,1,1
0,0.6,0,-0.00439336,0.58282,-0.0323065,0.0177331,0.0323065,101,36,0
0,0.6,0,0.000598993,0.598809,0.0551937,0.00133326,0.0551937,5,1,1
0,0.6,0,0.00335014,0.604261,0.0134798,0.00542063,0.0134798,8,2,1
0,0.6,0,0.00237137,0.616894,0.0414421,0.0170601,0.0414421,101,35,0
0,0.6,0,-0.00281281,0.596321,0.0563947,0.00463101,0.0563947,6,2,1
0,0.6,0,-0.00279824,0.596359,0.0136801,0.00459201,0.0136801,10,3,1
0,0.6,0,0.00212472,0.619587,0.0400115,0.0197022,0.0400115,101,38,0
0,0.6,0,-0.00513808,0.595317,0.00140721,0.00695201,0.00140721,8,3,1
0,0.6,0,-0.000763034,0.600847,0.0233068,0.00113998,0.0233068,7,2,1
0,0.7,0,-0.00224341,0.694687,0.0103816,0.00576693,0.0103816,8,3,1
0,0.7,0,-0.0031178,0.678542,-0.0507667,0.0216829,0.0507667,101,35,0
0,0.7,0,0.000915485,0.716856,0.0138559,0.0168808,0.0138559,101,35,0
0,0.7,0,0.0109707,0.670682,0.278237,0.0313031,0.278237,5,1,1
0,0.7,0,-0.00372971,0.679549,-0.0195266,0.0207882,0.0195266,101,35,0
0,0.7,0,-0.000587122,0.705341,0.0245743,0.00537286,0.0245743,82,29,1
0,0.7,0,0.00303411,0.696104,0.0202094,0.00493825,0.0202094,12,4,1
0,0.7,0,0.00428063,0.699917,0.0266636,0.00428144,0.0266636,6,2,1
0,0.7,0,-0.00202618,0.698667,0.013029,0.00242519,0.013029,7,2,1
0,0.7,0,-0.0105168,0.689199,0.0913757,0.015075,0.0913757,7,2,1
0,0.7,0,0.00240687,0.717823,0.00985997,0.0179851,0.00985997,101,36,0
0,0.7,0,0.00163085,0.683768,-0.0330124,0.016314,0.0330124,101,35,0
0,0.7,0,0.000113731,0.717594,0.0227283,0.0175941,0.0227283,101,35,0
0,0.7,0,0.00326569,0.699448,0.0164935,0.003312,0.0164935,5,1,1
0,0.7,0,-0.00265734,0.693227,0.0252592,0.00727574,0.0252592,4,1,1
0,0.7,0,0.00524142,0.722167,0.0407775,0.0227785,0.0407775,101,35,0
0,0.7,0,-0.000753471,0.715729,0.0216439,0.0157468,0.0216439,101,35,0
0,0.7,0,0.00173861,0.670665,0.358201,0.0293862,0.358201,4,1,1
0,0.7,0,0.00398329,0.697024,-0.0192131,0.00497217,0.0192131,85,32,1
0,0.7,0,0.00150132,0.698736,0.0332602,0.0019624,0.0332602,10,3,1
0,0.8,0,0.00444053,0.820358,0.026707,0.0208363,0.026707,101,38,0
0,0.8,0,0.00651541,0.797898,0.00707422,0.00684612,0.00707422,12,4,1
0,0.8,0,0.00174111,0.780502,-0.0254522,0.0195757,0.0254522,101,36,0
0,0.8,0,-0.00552079,0.785345,-0.0365801,0.01566,0.0365801,101,36,0
0,0.8,0,-0.0134444,0.796703,0.207875,0.0138428,0.207875,5,1,1
0,0.8,0,-0.00313343,0.780571,-0.0285255,0.0196798,0.0285255,101,36,0
0,0.8,0,-0.00399194,0.785235,0.00677017,0.015295,0.00677017,101,36,0
0,0.8,0,0.00581371,0.800272,0.14783,0.00582009,0.14783,7,2,1
0,0.8,0,0.00147956,0.798617,0.0258555,0.00202507,0.0258555,5,2,1
0,0.8,0,0.00512732,0.816689,0.0264682,0.0174588,0.0264682,101,36,0
0,0.8,0,0.00879209,0.770896,0.309633,0.0304033,0.309633,6,2,1
0,0.8,0,-0.00058651,0.78291,-0.0168951,0.0171002,0.0168951,101,35,0
0,0.8,0,0.00592995,0.796078,0.0826272,0.0071096,0.0826272,5,1,1
0,0.8,0,-0.000364822,0.760549,0.341339,0.0394524,0.341339,5,1,1
0,0.8,0,-0.0023385,0.781928,-0.0255434,0.0182222,0.0255434,101,36,0
0,0.8,0,2.01728e-05,0.79986,0.0267706,0.000141465,0.0267706,8,2,1
0,0.8,0,0.00129052,0.816016,-0.00298966,0.0160678,0.00298966,101,35,0
0,0.8,0,-0.00260436,0.783509,-0.0190021,0.0166956,0.0190021,101,35,0
0,0.8,0,-3.87448e-05,0.774763,0.190248,0.0252374,0.190248,6,2,1
0,0.8,0,0.00166019,0.797861,0.0107032,0.00270754,0.0107032,11,4,1
0,0.9,0,-0.00481846,0.880273,-0.0334074,0.0203067,0.0334074,101,36,0
0,0.9,0,0.0126875,0.860241,0.249089,0.0417344,0.249089,4,1,1
0,0.9,0,0.00368538,0.917615,0.0196457,0.0179966,0.0196457,101,36,0
0,0.9,0,-0.00138125,0.892788,0.00287337,0.00734336,0.00287337,10,3,1
0,0.9,0,0.00133756,0.88006,-0.0307015,0.0199843,0.0307015,101,38,0
0,0.9,0,0.00176579,0.917539,0.0278359,0.0176276,0.0278359,101,37,0
0,0.9,0,0.000778487,0.882135,-0.00592661,0.0178822,0.00592661,101,36,0
0,0.9,0,-0.00224154,0.899783,0.0233819,0.00225204,0.0233819,8,2,1
0,0.9,0,0.000287747,0.893246,0.019648,0.00676043,0.019648,8,2,1
0,0.9,0,0.00203288,0.894176,0.00597703,0.00616872,0.00597703,8,4,1
0,0.9,0,0.00241542,0.918966,0.0295551,0.0191194,0.0295551,101,37,0
0,0.9,0,-0.00539043,0.896514,0.00199799,0.00641948,0.00199799,12,4,1
0,0.9,0,0.00389445,0.918005,0.0418628,0.0184216,0.0418628,101,35,0
0,0.9,0,0.00410165,0.90203,0.0213299,0.00457669,0.0213299,8,2,1
0,0.9,0,-0.00494854,0.896663,0.0205446,0.00596841,0.0205446,6,2,1
0,0.9,0,0.00405747,0.901314,0.0188474,0.00426503,0.0188474,9,3,1
0,0.9,0,0.00039508,0.897939,0.0298759,0.00209895,0.0298759,10,3,1
0,0.9,0,0.00651819,0.898964,0.0110489,0.00659997,0.0110489,12,4,1
0,0.9,0,0.00196546,0.916399,0.0462806,0.0165165,0.0462806,101,36,0
0,0.9,0,0.000241524,0.878726,0.216947,0.0212753,0.216947,6,2,1
0,1,0,-0.00185922,1.00079,0.0221302,0.00202081,0.0221302,12,4,1
0,1,0,0.00767859,0.989095,0.184972,0.0133368,0.184972,3,1,1
0,1,0,-0.00280781,0.99778,0.0174718,0.00357958,0.0174718,11,3,1
0,1,0,-0.00789945,0.98746,0.120323,0.0148204,0.120323,8,2,1
0,1,0,-0.00619751,1.00042,0.01147,0.00621188,0.01147,10,3,1
0,1,0,-0.000381476,0.992245,0.0131661,0.00776452,0.0131661,8,3,1
0,1,0,0.0189332,0.993581,0.195921,0.0199918,0.195921,4,1,1
0,1,0,-8.97546e-06,0.981506,-0.00637999,0.018494,0.00637999,101,36,0
0,1,0,-0.0106448,0.980872,0.226988,0.0218903,0.226988,9,3,1
0,1,0,-0.00304854,0.981865,-0.0175147,0.0183899,0.0175147,101,36,0
0,1,0,-0.00442618,0.997813,0.0346149,0.00493718,0.0346149,9,3,1
0,1,0,0.000794847,1.00288,0.0325479,0.00299247,0.0325479,6,2,1
0,1,0,-0.00298196,0.993487,0.013162,0.00716359,0.013162,7,2,1
0,1,0,0.000931606,1.01382,0.0183745,0.0138487,0.0183745,101,36,0
0,1,0,0.0101643,0.952515,0.31507,0.0485611,0.31507,4,1,1
0,1,0,0.00318922,1.00329,0.0180155,0.0045844,0.0180155,12,4,1
0,1,0,0.00426805,0.969959,0.317582,0.0303427,0.317582,7,2,1
0,1,0,-0.00387842,0.997767,0.0104207,0.00447545,0.0104207,11,4,1
0,1,0,-0.000183428,1.01736,-0.00269538,0.017365,0.00269538,101,35,0
0,1,0,-0.000358527,1.00461,0.00291432,0.00462525,0.00291432,4,1,1
